node_id,tkc_value
1,0.009820584893955415
2,0.009173506360128791
3,0.008487071435320872
4,0.34034535412645794
5,0.008218443427460876
6,0.008924643613307687
7,0.008655238894233268
8,0.005244085887260838
9,0.007086975667457876
10,0.0068446247449457575
11,0.006647581909287249
12,0.006625322678962242
13,0.005486742348075457
14,0.005762745680968633
15,0.007254244463150652
16,0.005202074348632567
17,0.005143623439445449
18,0.006139905425852975
19,0.0067416189929836254
20,0.006410492243651121
21,0.007040677045232968
22,0.009409343272409422
23,0.005914524378479681
24,0.005204776409323455
25,0.008723194399731798
26,0.007943409853731095
27,0.006447479523367237
28,0.005624723812305398
29,0.005765898142446743
30,0.005152450546976219
31,0.009305875083869358
32,0.007806611890382273
33,0.007486494375609241
34,0.006200124682357075
35,0.006078939061613277
36,0.006321598554136202
37,0.00630458983330859
38,0.005404173359102398
39,0.0054041743398217795
40,0.00956058319566558
41,0.009650645364078603
42,0.008853795131094903
43,0.009314430013848452
44,0.006593696861021808
45,0.006913001917441754
46,0.006362613827931136
47,0.007233055570359832
48,0.007232712312035212
49,0.005202196803570717
50,0.007232714818892403
51,0.005679474857769828
52,0.005778211193726755
53,0.005261749074597248
54,0.008267618696266953
55,0.005646096587156586
56,0.009314377385316177
57,0.009285736588825269
58,0.007291978941241507
59,0.007962503879246578
60,0.008919269870155299
61,0.008856169990359916
62,0.008482256850793336
63,0.008472738024099452
64,0.008149637253225891
65,0.008432253041494392
66,0.006363016533268016
67,0.0084098270406883
68,0.00839561215167541
69,0.008318538617296969
70,0.00809607619824892
71,0.007549260790884747
72,0.008220602197008738
73,0.006326061788235873
74,0.00819055723147694
75,0.007316477842410475
76,0.006528927087589864
77,0.006601674016161573
78,0.006144876085498377
79,0.0054300066853758535
80,0.13534059508577026
81,0.0
82,0.008000600983415816
83,0.14551248423297813
84,0.13511225915175468
85,0.0164040898332291
86,0.20045643284824866
87,0.03889014745348208
88,0.0057590359873328995
89,0.007480877539601913
90,0.015880274244703913
91,0.007834050881636278
92,0.25009999630493884
93,0.10071872725738211
94,0.007802298773208553
95,0.015974744659301616
96,0.036047302473901005
97,0.02286705098329288
98,0.007693007039289199
99,0.10678675134470765
100,1.1344163793801099
101,0.051876660892799444
102,0.042656931405685716
103,0.04278593759125322
104,0.042656944305564076
105,0.055524942490172334
106,0.034490216368625
107,0.050998145432184144
108,0.012674160647932246
109,0.07266954003111309
110,0.022122047162786276
111,0.04483564864129747
112,0.016310691890923663
113,0.10046649605210595
114,0.01514726513019726
115,0.007547332145923595
116,0.00755822519363183
117,0.018442450074831543
118,0.32357197525024595
119,0.027438115158682407
120,0.28800873727021153
121,0.06275534131423254
122,0.18596225168957914
123,0.02413743403643341
124,0.04443983828301216
125,0.03622512194510999
126,0.17723834849461798
127,0.24048896247317364
128,0.22608466990322593
129,0.14819242959366255
130,0.08434471104951381
131,0.05076781424432145
132,0.04287876277057656
133,0.013063516849423891
134,0.022014016668260757
135,0.005920542212093968
136,0.007372323461249113
137,0.051286082638073334
138,0.04392451446064216
139,0.03507313343965303
140,0.04303428538970958
141,0.006121071835767706
142,0.011706464229533788
143,0.006263011944783755
144,0.2923891073416408
145,0.2505640464678167
146,0.03871337686046097
147,0.0939867066970545
148,0.20370107743152416
149,0.02110320990460301
150,0.054957885317947014
151,0.3635045947417209
152,0.006879501945516943
153,0.00644158549881713
154,0.027208843150564033
155,0.16901690181636006
156,0.013528031126148874
157,0.006602094349697156
158,0.006410819265365536
159,0.012821606683009431
160,0.006722229442729728
161,0.16627040956781947
162,0.0137764967794326
163,0.013418788326079798
164,0.0066008904880515236
165,0.006702824020668138
166,0.00668193075042156
167,0.012571319023479176
168,0.20494013695883806
169,0.005674983661132405
170,0.0066491757173105445
171,0.006626471986573383
172,0.006303186282617454
173,0.006581277843420887
174,0.006581443963729964
175,0.006582176341313669
176,0.13768669048744828
177,0.006057722884916451
178,0.006055331121604735
179,0.0062916912525935835
180,0.018825227442704175
181,0.006238760152104398
182,0.006094636205067455
183,0.3614697736490901
184,0.0061118630342327385
185,0.005936764164283703
186,0.01982049138105954
187,0.010091871111706908
188,0.010091871108402496
189,0.010091871105849087
190,0.010091871102845077
191,0.010091871099540666
192,0.02982621090318266
193,0.029986518644897722
194,0.01009187105958734
195,0.010091830841261749
196,0.03637465635169128
197,0.03801880885491086
198,0.010093169781630724
199,0.010093152995545567
200,0.010093152981838903
201,0.010093143775985098
202,0.010093143773853161
203,0.0488814668515917
204,0.03638073851576572
205,0.010091740648632878
206,0.020183479884949153
207,0.010093058762553644
208,0.010091649444769278
209,0.0201732694045738
210,0.03638690499697195
211,0.036386913551709386
212,0.01009164881575102
213,0.010091648668760956
214,0.010091648662317971
215,0.010091648647184452
216,0.01009164863459816
217,0.010091648628604689
218,0.03027491371108504
219,0.020183294502412866
220,0.010091648590995664
221,0.010091648577810032
222,0.010091648550839431
223,0.029848814928165344
224,0.029848827730417336
225,0.02984868436591427
226,0.010091559153822116
227,0.010092857365888252
228,0.020182935940943787
229,0.010091468698801087
230,0.010091468685491796
231,0.01009146866141544
232,0.010091468656330994
233,0.01009146864840524
234,0.01009146861326275
235,0.01009146858200838
236,0.010091468534005275
237,0.03640529881327567
238,0.010091378259642013
239,0.01009137825262046
240,0.010091378243059198
241,0.010091378237382195
242,0.010091378219454833
243,0.010092224717128432
244,0.010092224686821931
245,0.0201794289408714
246,0.3592241048686844
247,0.01670865213767701
248,0.18498027310863122
249,0.39473759063206554
250,0.02821216018249883
251,0.03658059658879074
252,0.010088355998585033
253,0.020170241743348947
254,0.023545274047497892
255,0.019179389448378294
256,0.020178384481856465
257,0.020175708869626063
258,0.04032799784144378
259,0.010087896314984666
260,0.3671874526388222
261,0.010087608362616464
262,0.010088561708011836
263,0.0100885616999036
264,0.010087265589115182
265,0.028385559456800526
266,0.010085736753391064
267,0.010085736743579064
268,0.010085544780989338
269,0.010085544761269421
270,0.01008539871467171
271,0.028572959169262634
272,0.010085293370182418
273,0.010085024722848024
274,0.010084966192144208
275,0.010084966187004477
276,0.010084870717267077
277,0.01008487071435321
278,0.032598586144395175
279,0.02867698423348037
280,0.2649716339880809
281,0.010085150470487239
282,0.04021830950331155
283,0.010084822568507934
284,0.018139925937254907
285,0.0197947279014285
286,0.017832249143029527
287,0.01008409827233178
288,0.010084098270406882
289,0.010083956121516755
290,0.01008318538617297
291,0.020166221009504687
292,0.028929031413711732
293,0.010083015109475417
294,0.010082972584208774
295,0.020164343868642604
296,0.05236468606410998
297,0.010081955429309973
298,0.010081905599899783
299,0.01008190557901016
300,0.010081905577671081
301,0.1455012241413528
302,0.010081038532873803
303,0.010081038531283922
304,0.020098725486521064
305,0.011310390603974737
306,0.01
307,0.01008049167149336
308,0.010082011460422338
309,0.01008201094381014
310,0.010080469043283151
311,0.01008200363194458
312,0.020148393950777603
313,0.010082001134025208
314,0.010082001133891143
315,0.01008046018891359
316,0.3771678791091123
317,0.01008044469430278
318,0.010080437507087755
319,0.01008042484626316
320,0.010080412862644975
321,0.010080401105062628
322,0.010081929367581689
323,0.010081927807251255
324,0.02015804398766218
325,0.01008188839669769
326,0.011206636018379129
327,0.010080311310824677
328,0.010080218334660952
329,0.010080135623278039
330,0.010079318901642575
331,0.010079265045114829
332,0.03648993929586826
333,0.010079173199309335
334,0.010079172703812103
335,0.011128643782624069
336,0.010080420528223687
337,0.010078870813864263
338,0.01007862752821206
339,0.010078618149871177
340,0.010078617580599738
341,0.010078562978757744
342,0.010078561948266387
343,0.010078553675797441
344,0.010078552702963022
345,0.010084186311387251
346,0.010078189577083278
347,0.034584304580246424
348,0.02053236509057972
349,0.02053236499518611
350,0.01015880274244704
351,0.010077058019997419
352,0.01007694511209211
353,0.010076944024073482
354,0.010076935025897592
355,0.010078340508816364
356,0.011572105220905172
357,0.011007187272573823
358,0.010078022987732084
359,0.29518435629626655
360,0.01007551191068327
361,0.010075505179364256
362,0.010075493149368484
363,0.010075492607908847
364,0.010075483509943686
365,0.010075482805778913
366,0.010075473075007928
367,0.01007545219675804
368,0.010075450851560221
369,0.010075427817921421
370,0.010075427507409094
371,0.010075427305539775
372,0.018441426334216814
373,0.010075206374471039
374,0.010076941108602444
375,0.010239615552613992
376,0.01007693007039289
377,0.019958866769233148
378,0.019961448059484074
379,0.0199636229547413
380,0.01052829349413718
381,0.010074666150521706
382,0.020225060656435458
383,0.010480322682548702
384,0.010404731883194317
385,0.01007395359101699
386,0.010073944660875607
387,0.010073933450156862
388,0.010073932362418367
389,0.01007393104274557
390,0.010073930866275263
391,0.0100739227671042
392,0.067600223987892
393,0.019441424261574202
394,0.09601373949321822
395,0.010060067903228616
396,0.010073495150679613
397,0.010073494675698257
398,0.02080242559533342
399,0.010401528204332685
400,0.010073452689650682
401,0.010073452210140246
402,0.01007345202184349
403,0.010073451614028957
404,0.047778821356381916
405,0.010073442681585313
406,0.010073442471459977
407,0.010401422349608872
408,0.01040094393947056
409,0.010400943932260003
410,0.018757261198985284
411,0.01875726132750547
412,0.010073228309937177
413,0.030017694680161487
414,0.0100731837116502
415,0.027100972792344365
416,0.010400169161555147
417,0.010073049943901761
418,0.01007304993996058
419,0.010726695400311131
420,0.010072919789412415
421,0.010398614585226503
422,0.010397316004716476
423,0.010072496967968074
424,0.01007249543698854
425,0.0354299053636759
426,0.08319916875355463
427,0.05124193449109931
428,0.07724787047239648
429,0.06574949334973591
430,0.010393316624222031
431,0.010151472651301972
432,0.020035250852508686
433,0.027871318470124362
434,0.01007161847619091
435,0.010075582251936319
436,0.010071598942958752
437,0.01022867050983293
438,0.037147205523939436
439,0.010071405882273008
440,0.01007100608184472
441,0.02565660003072119
442,0.025262203248765387
443,0.010387711952031933
444,0.01998220255024457
445,0.010070877038951391
446,0.010070875665703869
447,0.010070834331835378
448,0.01967552783291509
449,0.024550400893693966
450,0.010385378927629306
451,0.010385333452736442
452,0.09728836030321496
453,0.020059522135552333
454,0.02076741039029202
455,0.010383739243637486
456,0.01062756040838171
457,0.010627553413142326
458,0.010383283835643544
459,0.010383282505931514
460,0.010070117738420455
461,0.01007011675485196
462,0.010070116294711716
463,0.010070111708605977
464,0.010070110683857308
465,0.01168717488742856
466,0.01017002566803251
467,0.018498453732705065
468,0.019741669636687206
469,0.010069411384334663
470,0.010069410881048232
471,0.010069410369708412
472,0.010295301536753192
473,0.010069046958782057
474,0.019187937943579505
475,0.019307142010070832
476,0.011919560234704933
477,0.011919559961673008
478,0.011505740522431876
479,0.011505335398759762
480,0.023010664645219683
481,0.02205429187168505
482,0.010068735619339535
483,0.01006873387045108
484,0.01006872428308978
485,0.010068716303574978
486,0.020134614349699834
487,0.020134655213192618
488,0.020052105436382327
489,0.010068696385290635
490,0.010068696248382383
491,0.010068696106645006
492,0.01061659611573782
493,0.020165319908382596
494,0.17310990890883673
495,0.1644109713637723
496,0.1377156933194322
498,0.30304152545052476
499,0.26040528581592526
500,0.10154544859875321
502,0.10404981633590883
503,0.08681040571827635
505,0.09457860363074957
506,0.03603951112422043
508,0.0734858039923988
509,0.11363248919560118
510,0.18820986750873078
511,0.14923259685877294
512,0.0459361618143521
513,0.11116167739894776
515,0.14611252366853747
516,0.15322322441819416
519,0.12753254305137413
520,0.15447220602535927
521,0.08619179766449295
523,0.09943806031434195
524,0.11588271643654406
526,0.11750363665726611
527,0.09531877793288901
528,0.010059812229891748
529,0.010057637424059794
530,0.08688648426561912
531,0.12112973107527733
532,0.04559529003826167
533,0.03364453971750763
534,0.10981167500940053
535,0.20539797496619844
538,0.010059552248646101
539,0.010059116288236629
540,0.07874762227622459
541,0.10999199109385822
542,0.11121614821243038
543,0.0975879786894161
544,0.1510611634399318
546,0.05294541198295122
547,0.043580905872186174
548,0.13812456635649248
549,0.010066127522813504
550,0.08564817186963727
551,0.010059834107737853
553,0.010059824465605747
555,0.01005983410509663
556,0.01005983410636833
557,0.09559292991149257
558,0.09632556808418166
559,0.0797267405870041
560,0.026129806360851354
561,0.01769961626733376
562,0.08602434868154099
563,0.05878698376074948
564,0.04309645584013545
565,0.07549480925296528
566,0.09642935108000066
567,0.048045172781130505
568,0.050062052669800836
569,0.0933777309776765
570,0.08658507502874661
571,0.07621801461754732
572,0.0601810867465958
573,0.1086213372695953
574,0.10067856819370319
575,0.06174896599515274
576,0.07854169158311856
577,0.10437076143432222
578,0.10478951295590494
579,0.0786853978996585
580,0.09526695062831066
581,0.1021566301083079
582,0.08466012780893042
583,0.07854211329426421
584,0.08598114454372649
585,0.010073723281619389
586,0.01007372323461249
587,0.010068593217177615
588,0.010068589808327866
589,0.010068589401044561
590,0.010059834103922754
591,0.043806295653263945
593,0.2251550553799957
594,0.12833578114955616
595,0.09999027413118566
596,0.14712533033350908
597,0.08999640363207725
598,0.07140234041455175
599,0.09575223422295495
600,0.12537918863985842
601,0.11608758369135976
602,0.09712641964942684
603,0.08840154011377037
604,0.07031341854731674
605,0.025647976449796217
606,0.09565711185202327
607,0.11952215234200884
608,0.05389186915400226
609,0.0599700433224811
610,0.09384365446907378
611,0.051223002485835264
612,0.010068492602100076
613,0.07809831285061251
614,0.02078326829575448
615,0.010068253900315436
616,0.010373054557905166
617,0.06727599056411443
618,0.0672797452276012
619,0.174547202371509
620,0.010390714666388044
621,0.010067916461185584
622,0.01006791479176559
623,0.020741950975642416
624,0.01037083969523933
625,0.01038968418384957
626,0.010389675281164204
627,0.010370776479976352
628,0.020281070017049645
629,0.010512860826380735
630,0.010370292688665832
631,0.010370248524226727
633,0.010439245144606422
634,0.010067588665808511
635,0.010067455746803722
636,0.010067436407686097
637,0.020133493847478055
638,0.010067417897134352
639,0.010067382860545225
640,0.010067382630852504
641,0.010386911574054403
642,0.010067316284877288
643,0.030046910341136948
644,0.010068952695338763
645,0.010067116985530597
646,0.010384259042601918
647,0.02079469025693178
648,0.01006686220647896
649,0.010066861533549411
650,0.010066861015520704
651,0.02014402869179596
652,0.010072028061197757
653,0.020144028689635298
654,0.010072025804616955
655,0.010066782474228137
656,0.010066715528082715
657,0.02020824731145358
658,0.037889865127517554
659,0.010382788013682054
660,0.020086033451680384
661,0.010066577273902646
662,0.010066271034123855
663,0.010066267791707552
664,0.010066238735355684
665,0.010071341886785346
666,0.010066024446351175
667,0.020119790403376997
668,0.01006601520745007
669,0.010065995753708241
670,0.010065995189302629
671,0.010065994725459992
672,0.01292389107341641
673,0.03019771288741792
674,0.011378484038218338
675,0.010358052268664581
676,0.010358023865916291
677,0.01035801947885783
678,0.010358019472419225
679,0.01006542318948588
680,0.010065423189164997
681,0.011287008625429041
682,0.010065139808864457
683,0.010065125940334456
684,0.010065089202231292
685,0.010065088804773793
686,0.010065086563627144
687,0.010390091598585274
688,0.020620479562904942
689,0.011161089914992246
690,0.01116108971757203
691,0.01038713376860461
692,0.027196352354613852
693,0.010064564868770472
694,0.010064447290844235
695,0.010064446721031834
696,0.01006413274845055
697,0.010064132335444034
698,0.010064129556867415
699,0.018939947310437445
700,0.010549578853179472
701,0.011447709109246145
702,0.020516188457419742
703,0.08227704405746133
704,0.04844575663203731
705,0.010063498914527808
706,0.010063238246648643
707,0.010063229249593238
708,0.010272088431505639
709,0.011482620959249998
710,0.0114794529862076
711,0.020184808907507575
712,0.010842200130948268
713,0.010842200128194432
714,0.010062564774547119
715,0.019157037997446356
716,0.010062546241885979
717,0.010062545877135785
718,0.010062536343256835
719,0.010062536188566442
720,0.01006253605289316
721,0.010062501785955283
722,0.010062475149689014
723,0.01006247472182216
724,0.01006245101947179
725,0.010062450880716046
726,0.08560938678103722
727,0.07828929915952046
728,0.010062319652261089
729,0.030175535370050507
730,0.0193527584343196
731,0.02013410339265116
732,0.0100672222944273
733,0.010918294077253506
734,0.010137764967794324
735,0.010134187883260799
736,0.010067093749694089
737,0.010067028240206681
738,0.010066819307504216
739,0.01968215526826835
740,0.027565425751718196
741,0.05549147993692413
742,0.0833817364917662
743,0.17261231942437494
744,0.06539363095424526
747,0.04693315856927191
748,0.07466209880321165
749,0.10223255272906868
750,0.12966247207129886
751,0.06406396018302442
752,0.08300419749127057
753,0.04642973751909037
754,0.02892911342339402
755,0.09240760700451273
756,0.09780711899569636
758,0.010059546955003402
761,0.037578113364903666
763,0.063771778527974
764,0.010058983009038692
766,0.019200757510368396
767,0.01916792622099773
768,0.08354282665319862
769,0.0387139023748578
770,0.018642333997067873
771,0.010061452552842689
772,0.010061451432421797
773,0.010066491757173106
774,0.10011792009792252
775,0.028438778238367747
776,0.07318611463820185
777,0.0284323275791429
778,0.010058983039221791
780,0.11825596922012623
781,0.12789625046465314
782,0.0388083549632831
783,0.046093980455392126
784,0.03734780304210995
785,0.036966272122166494
787,0.010059636342692078
788,0.05659055926604335
789,0.04718390806426675
790,0.07314710667581742
794,0.1471526461057059
795,0.18136853640338305
796,0.07348828345015959
797,0.010059773006385902
798,0.07493542544010337
799,0.13653144796272929
800,0.06618849793666061
801,0.08378883500125728
802,0.0568493858912857
803,0.08413585451062607
804,0.02798313708234238
805,0.16322281298154206
806,0.03810386855431902
808,0.05732584361179257
809,0.029119183921765067
810,0.028945250997935407
811,0.08414292003836545
812,0.038340405556685046
813,0.02815392085276256
814,0.0284392219791276
815,0.038338929137973626
816,0.019360707867818683
817,0.17206091546128457
818,0.13717712311065158
820,0.03830733029073947
821,0.08091026756723718
822,0.05561048017334812
823,0.07550728751330452
824,0.06542187654343903
825,0.01006626515733
826,0.010066264719865735
828,0.05546430653868992
829,0.03805344803849606
830,0.03767793941241884
832,0.02857769014237591
833,0.037500397537586806
835,0.09248451280578766
837,0.056835026155297785
838,0.056528019019200335
839,0.03762064035676875
840,0.06414668779190036
842,0.09364687478177916
843,0.028893485801650534
844,0.09626895086278475
845,0.02876366001879714
846,0.07353677981646825
847,0.05631589984620708
848,0.04702598140350962
849,0.055417326334658235
850,0.05684923642630685
851,0.06453865921273938
852,0.08461588936587844
853,0.03726623832140837
854,0.038711786086982385
855,0.010060067885846277
856,0.06580262628598255
858,0.028428398130822763
859,0.02795790077276609
860,0.0457499063585607
861,0.05562594589526269
862,0.03779772962954331
864,0.028452252500473355
865,0.03690671635381649
866,0.07397684460125939
867,0.16260525229712108
868,0.019685828212168563
869,0.019215027241443534
870,0.029208469253717215
871,0.028844622094361443
872,0.04606356384239792
873,0.01005898302629995
875,0.029462865384632254
877,0.028946707334453342
878,0.01933018186680095
879,0.04528972615821156
880,0.018823875798195836
881,0.028094035112179734
883,0.028114326140770415
886,0.029153690838397285
887,0.05687943052739342
888,0.02819155141528963
889,0.010061120941167845
890,0.010061120221598331
902,0.010066008904880516
904,0.020314460881688708
905,0.030155882460305046
906,0.0100658144396373
907,0.010065821763413137
909,0.01006042866932313
910,0.08503912909368044
911,0.08324982967470797
912,0.04774952549710701
915,0.04633078383952759
916,0.07302554356471219
917,0.010060068046215707
918,0.17461025297778487
919,0.030112327791561734
920,0.03736857245611794
921,0.04767399749050133
922,0.055230026175252904
923,0.010060063343827648
924,0.06483660660318552
925,0.04623130795217388
926,0.10172340299552866
927,0.056883300201692445
928,0.12489268409611821
929,0.020120025177931853
930,0.06426948792352398
931,0.040217988820868314
932,0.16892537769218405
933,0.07171312450348927
934,0.019409623562416746
935,0.028278693975562624
936,0.06535342140307702
937,0.06663044230686561
938,0.028998893687810588
939,0.07519515713134645
942,0.06527445765851331
943,0.028806357673582396
944,0.056371122264035144
945,0.08448887321893753
946,0.04540600853632643
947,0.010059898350133507
948,0.010059898347979091
949,0.05518750141983127
950,0.11951798890409893
951,0.09137292072430975
952,0.05666356083230926
953,0.08471038840903831
954,0.08304031708315894
955,0.04536350896052333
956,0.010059872190732249
957,0.0647693333444469
958,0.12086223692486085
959,0.010059872133763012
960,0.02011974036813976
961,0.0919936053372898
962,0.05626959874959993
963,0.06492621851357756
964,0.09444141651997488
965,0.07297600977186644
966,0.02797003994071294
967,0.05633295984734418
968,0.010059871908040079
969,0.10190327588605452
970,0.11256392903246627
971,0.010059871845981103
972,0.0830167120483455
973,0.055707642517260535
974,0.07573088183957766
975,0.010059871697196441
976,0.010059871694847214
977,0.05520360677930657
978,0.010059871687505875
979,0.07520731872362627
980,0.02754617444166091
981,0.07566229014263373
982,0.10466410293515566
983,0.06550398248739046
984,0.129436950536494
985,0.09205128905081209
986,0.11155587588250827
987,0.028411583593982825
988,0.08195646665589258
989,0.04671260650354161
990,0.06503236737376968
991,0.010059869467526367
992,0.07452933321764331
993,0.14161159869388132
994,0.046283378970960215
995,0.14156655747440525
996,0.06397507275586971
997,0.0927813910358221
998,0.10745874388225157
999,0.05561323430506997
1000,0.1095107813221301
1001,0.028242666584631444
1002,0.028281983277470335
1003,0.028286089575065208
1004,0.0201196629029994
1005,0.01005983421368033
1006,0.010059834200082902
1007,0.010059834197735144
1008,0.010059834189126702
1009,0.010059834187170238
1010,0.010059834177387919
1011,0.010059834165062198
1012,0.01005983416232315
1013,0.010059834126911178
1014,0.010059834117226692
1015,0.010059834063326193
1016,0.030140933605368125
1017,0.04707106846091735
1018,0.010059834024783948
1019,0.010059834020968852
1020,0.030055963926793525
1021,0.11954473493191822
1022,0.0376573976903049
1023,0.010059824439784624
1024,0.010059812216299313
1025,0.010059812214930294
1026,0.020074743652268273
1027,0.010059812206031651
1028,0.010059812169948161
1029,0.010059812168383567
1030,0.02011962249185771
1031,0.036338074711434985
1032,0.1255580809753522
1033,0.010059810243864629
1034,0.010059808745049421
1035,0.010059806867183194
1036,0.03740198551824004
1037,0.010059779960576077
1038,0.04554819127794923
1039,0.05505993515656934
1040,0.10978939073546327
1041,0.054348622728506574
1042,0.010059779862059737
1043,0.08180328791738278
1044,0.14489483304920803
1045,0.09885722884063812
1046,0.11837010721696914
1047,0.11107490586202098
1048,0.12119378183069618
1049,0.0191742670719521
1050,0.028025363047064034
1051,0.028152280080194617
1052,0.11900496695398628
1053,0.010059772970423785
1054,0.054575184125443044
1055,0.07284342785677286
1056,0.05514735730814535
1057,0.05652193396319025
1058,0.04683613707840943
1059,0.010059720171383315
1060,0.03685866071946932
1061,0.027930908304894614
1062,0.02825914986518544
1063,0.054685050967206154
1064,0.038383270655543256
1065,0.08319878581300875
1066,0.08223588619479269
1067,0.02831451863917074
1068,0.08255786832132218
1069,0.056934613224130126
1070,0.036828737647103
1071,0.11046379245582247
1072,0.04547511159866667
1073,0.01998291433640894
1074,0.019982930526479887
1075,0.019982930960023886
1076,0.019982927540430725
1077,0.03718292343961496
1078,0.03800018988995307
1079,0.019191013117047066
1080,0.04548241512928131
1081,0.08331986265211316
1082,0.010126741606479321
1083,0.010059662437185505
1084,0.10988392448905053
1085,0.04713422126634053
1086,0.03017898274756792
1087,0.010059662268827554
1088,0.010059646811963288
1089,0.010059646791289718
1090,0.03632776605557442
1091,0.018810544487618847
1092,0.0475899248868719
1093,0.0284455726273807
1094,0.028445535401603446
1095,0.02817295704426489
1096,0.037963768983634474
1097,0.010059636244509918
1098,0.045964994970991845
1099,0.010059633529598353
1100,0.010059633521213772
1101,0.038436739790303646
1102,0.028171113401512488
1103,0.027577778126177913
1104,0.020119265658559052
1105,0.04586329619410631
1106,0.020567830523980417
1107,0.027575164804854266
1108,0.0376380102335641
1109,0.010059623167057542
1110,0.037499680212364765
1111,0.036614952200092934
1112,0.05421725908922003
1113,0.05524152049679406
1114,0.04545117940821991
1115,0.036351033683903945
1116,0.04729399398742731
1117,0.010059590781412827
1118,0.03724402034354048
1119,0.03811069670796594
1120,0.05567529881742517
1121,0.028131857550146425
1122,0.028139559890662937
1123,0.02845224957971031
1124,0.04598504121958387
1125,0.0100595906090678
1126,0.010059590606827025
1127,0.010059590587536884
1128,0.010059590585783236
1129,0.02845225847022865
1130,0.027962245847890622
1131,0.02817473667957307
1132,0.010059590482610318
1133,0.010059590464391891
1134,0.01005959046293052
1135,0.01005959045737731
1136,0.010059590452116376
1137,0.04720342405769758
1138,0.038410174422501484
1139,0.03669279243725736
1140,0.04685763733289827
1141,0.055028659545509964
1142,0.03721889081908747
1143,0.045119179606910656
1144,0.010059589495121075
1145,0.06596896508281151
1146,0.018818706120228054
1147,0.010059587802417865
1148,0.010059587026372139
1149,0.046045495489674244
1150,0.06388007873608355
1151,0.0640841663026056
1152,0.05476303665079227
1153,0.04581322243998887
1154,0.07290596888072227
1155,0.02802864022614835
1156,0.02011911065703994
1157,0.010059555923308408
1158,0.010059552271039426
1159,0.08188409668252705
1160,0.046901499109859905
1161,0.03722988328772002
1162,0.010059552204443654
1163,0.0738414424713543
1164,0.08305984198030968
1165,0.1009268661064715
1166,0.06558780255816674
1167,0.03762310682279019
1168,0.06407044450067072
1169,0.06461976456004832
1170,0.09457151804080151
1171,0.08432873072473698
1172,0.028283421455778182
1173,0.028283424635408706
1174,0.028283425669355804
1175,0.02828341923900063
1176,0.0282834298789962
1177,0.06474381143412306
1178,0.010059551786566626
1179,0.04600662762621266
1180,0.03723002650642998
1181,0.010059551547544619
1182,0.010059551521646568
1183,0.12729458116485143
1184,0.028458617594792582
1185,0.02845861680652165
1186,0.01005954712410685
1187,0.010059547117778846
1188,0.01005954710629109
1189,0.01005954710502549
1190,0.010059547103175769
1191,0.010059547100060445
1192,0.010059547084581186
1193,0.03723138959102689
1194,0.037921339089764326
1195,0.05545877074149878
1196,0.010059545788134557
1197,0.057094486200029375
1198,0.0372438816254125
1199,0.010059545681923954
1200,0.010059545678614001
1201,0.020119088651020516
1202,0.01005954560774214
1203,0.07452901059262257
1204,0.1262004066874124
1205,0.06442001972773109
1206,0.0372362354287594
1207,0.010059544106115736
1208,0.04602007882410457
1209,0.010059510867032806
1210,0.01005951086100054
1211,0.0754195831210387
1212,0.055613239835063034
1213,0.07418363959535082
1214,0.04552159052041145
1215,0.0559617495926956
1216,0.055058871597117545
1217,0.027962523831671422
1218,0.02793114227382501
1219,0.0825024128786619
1220,0.07414994579560114
1221,0.07335217437791165
1222,0.0634528333489374
1223,0.06453260768125954
1224,0.028467638739341418
1225,0.04637861011981018
1226,0.019533291145708308
1227,0.15414956063147495
1228,0.04660452133524444
1229,0.07272003360496307
1230,0.04609728350993269
1231,0.08386841319519929
1232,0.0460563205824082
1233,0.010059431233843386
1234,0.019539150051499046
1235,0.02006538935139421
1236,0.02006538910455491
1237,0.010128216066830094
1238,0.010128216066830094
1239,0.027991345835383652
1240,0.0644622903891652
1241,0.1289346018079496
1242,0.01924981892355527
1243,0.05613038572314964
1244,0.03766110160759412
1245,0.01005926873758994
1246,0.09194429970254483
1247,0.0201185359329552
1248,0.010059268612978288
1249,0.010059268599509393
1250,0.028065890642169494
1251,0.07454941203458365
1252,0.055303344726329626
1253,0.029633569805997656
1254,0.010064032481375343
1255,0.01005915025250653
1256,0.04639406254526086
1257,0.047238280050289266
1258,0.08213654499947279
1259,0.010059116286883536
1260,0.010059116218552377
1261,0.05647895796977127
1262,0.0100591113458843
1263,0.010059111339409326
1264,0.01005911133361084
1265,0.046196994249333365
1266,0.028049818377474577
1267,0.05679660921941785
1268,0.0736490892444717
1269,0.056336826302555265
1270,0.036707606714664276
1271,0.010059108822244056
1272,0.04766499983551806
1273,0.12643636244562
1274,0.047426053723070634
1275,0.0562162354074536
1276,0.06685420060883643
1277,0.04763336672479373
1278,0.03692192716430744
1279,0.04653548250534738
1280,0.028022071842429
1281,0.09376142797028306
1282,0.10452541053161432
1283,0.037880725057233444
1284,0.05679312285534301
1285,0.056621267612206594
1286,0.02787166170476211
1287,0.05620867239586222
1288,0.06603659174364868
1289,0.06643674775470311
1290,0.037346054250278794
1291,0.03665568195690931
1292,0.06586151081895927
1293,0.0373139220958777
1294,0.0754772398587805
1295,0.06391959388119876
1296,0.019278684999710277
1297,0.07306830629433617
1298,0.01927867825446289
1299,0.01005909885533383
1300,0.010059098845961593
1301,0.03853395294603913
1302,0.018908087407141155
1303,0.018908749978070367
1304,0.15539806300158238
1305,0.17269673226325857
1306,0.1358911905536139
1307,0.16491882369641042
1308,0.045861795493729124
1311,0.019195413736938536
1312,0.0388570491057742
1313,0.019365473994801388
1314,0.02881699122164387
1315,0.019299034852367662
1316,0.019685829231791397
1317,0.028852413753235266
1318,0.01940826586021773
1319,0.019417534821273237
1321,0.010058921110078863
1322,0.10278268003826338
1323,0.056411435334522086
1324,0.05659125548226205
1325,0.07561858535881281
1326,0.056620242929059095
1327,0.04661513078935087
1328,0.03841607748622462
1329,0.04719410700800279
1330,0.046440161485817005
1331,0.05575789829160941
1332,0.056037822246071324
1333,0.05568208929598232
1334,0.04719422698566759
1335,0.0472909968222244
1336,0.10092069190756744
1337,0.05546254837281256
1338,0.08397372165542295
1339,0.10075856801947386
1340,0.13194237571850725
1341,0.028074396842985648
1342,0.010058907570662275
1343,0.01005890755602342
1344,0.010058907493326786
1345,0.010058907481384579
1346,0.010058907444980116
1347,0.010058907432074838
1348,0.010058907334322256
1349,0.02987588581733973
1350,0.02987598279266763
1351,0.010058810712733998
1352,0.010058810712541699
1353,0.10869501014029455
1354,0.010058792028677899
1355,0.03770457897979004
1356,0.037771752690429525
1357,0.027823751574028104
1358,0.028571732244530114
1359,0.028571761886808683
1360,0.01932778497006596
1361,0.010058784303975563
1362,0.010058784297632519
1363,0.1542204224039389
1364,0.14502960392769115
1365,0.10969324983458689
1366,0.17330728434076084
1367,0.1179709221906732
1368,0.10902364907219278
1369,0.1275901229795745
1370,0.08141986519214593
1371,0.12784991632985676
1372,0.09278077294664326
1373,0.1733239774606679
1374,0.10997667348378674
1375,0.11853673586749407
1376,0.13787427718148082
1377,0.1477908770007377
1378,0.22731670436394974
1379,0.05476834882174182
1380,0.20003146462602553
1381,0.05487706199668862
1382,0.10160353318271753
1383,0.16362791124390005
1384,0.1459285597767837
1385,0.08199124501931938
1386,0.13653559564148407
1387,0.13733147371252208
1388,0.10991312702443566
1389,0.17441111834990508
1390,0.06434856000375436
1391,0.12665874280734968
1392,0.1276173075478419
1393,0.14601913917547257
1394,0.1376686654102547
1395,0.036730469028718786
1396,0.03673046889639809
1397,0.09116381544522498
1398,0.010058438017317092
1399,0.010058429109122295
1400,0.010058428731891219
1401,0.030107637156807907
1402,0.010063031862826175
1403,0.010373758343550974
1404,0.010373758343550974
1405,0.010058213810990762
1406,0.020103533450012954
1407,0.01005818167226433
1408,0.01005815953438085
1409,0.010062916912525937
1410,0.020198180711364686
1411,0.010062630119447838
1412,0.010062630119447838
1413,0.02020121538267688
1414,0.019893846257982337
1415,0.010188252274427042
1416,0.04648856383261457
1417,0.09326689839493695
1418,0.010125223320948092
1419,0.12840073488154785
1420,0.010125223273860614
1421,0.01012522326321475
1422,0.010125223241513572
1423,0.010125223210804364
1424,0.010125223201182148
1425,0.010125223193607211
1426,0.010125223143858317
1427,0.06487513150890217
1428,0.07453792592910821
1429,0.06568339862534041
1430,0.06483213322387862
1431,0.07384312472901054
1432,0.07451928928602765
1433,0.06492622724223215
1434,0.37622861568249544
1435,0.329770574916284
1436,0.010057903231466287
1437,0.03013037372600219
1438,0.03013037372600219
1439,0.030130373805926338
1440,0.030130373591896235
1441,0.030130373690629972
1442,0.010057902562368952
1443,0.010057902562368952
1444,0.030130373607748038
1445,0.030130373607748038
1446,0.03013037359111663
1447,0.03013037359111663
1448,0.030130373639956146
1449,0.36018380702169295
1450,0.26562386960639334
1451,0.010509981454321842
1452,0.02827479648069442
1453,0.04772703741996872
1454,0.08568571259431894
1455,0.010062387601521044
1456,0.07553134715342534
1457,0.07556628220232514
1458,0.010057627623382763
1459,0.08394033949365153
1460,0.04753658374203709
1461,0.07517943617767793
1462,0.010364575540861063
1463,0.010364575471719699
1464,0.010061463838488847
1465,0.027079647081904523
1466,0.010061118630342328
1467,0.010057854811014837
1468,0.010060946362150316
1469,0.010060946362050675
1470,0.010060946362050675
1471,0.010060946362050675
1472,0.010060946362050675
1473,0.010060946362050675
1474,0.010060946362050675
1475,0.07655954770289529
1476,0.038250275761291266
1477,0.01035744327032586
1478,0.010357443261560073
1479,0.010214822416006311
1480,0.01021482241495267
1481,0.01021482241495267
1482,0.048794498657977525
1483,0.04860786587759873
1484,0.01996790097934297
1485,0.038631239239315086
1486,0.029111401719623772
1487,0.01996900738107628
1488,0.029186119909698514
1489,0.03884435940824625
1490,0.0391545416779783
1491,0.01996899402664932
1492,0.010054961720930398
1493,0.038686450930257126
1494,0.010054961701431393
1495,0.010054961448843528
1496,0.048558474950992914
1497,0.03919822606499055
1498,0.049021724812267624
1499,0.04858699348660442
1500,0.02918619600302176
1501,0.029186270056912628
1502,0.038905084484407076
1503,0.038692599071779354
1504,0.02918648248158384
1505,0.029186468772559985
1506,0.010054959947807245
1507,0.010054959946549284
1508,0.04859316782390124
1509,0.0386874607457392
1510,0.03877767907395682
1511,0.010059367641642837
1512,0.011343895351173573
1513,0.010211032099046028
1514,0.029197663928921938
1515,0.030135057094133492
1516,0.010054042028779502
1517,0.010054041873719206
1518,0.010054041850393934
1519,0.02010808023877727
1520,0.010054041845446152
1521,0.010054041844562617
1522,0.010054041843590733
1523,0.0100540418427072
1524,0.031261512514919106
1525,0.0201080776171069
1526,0.01034490216368625
1527,0.01034490216368625
1528,0.029896865384463837
1529,0.04973977130813195
1530,0.010056749836611326
1531,0.01005244085887261
1532,0.011772383484946181
